{
  "users": [
    {
      "id": "1",
      "name": "John Doe",
      "email": "john.doe@example.com",
      "phone": 17115544,
      "actions": "delete edit"
    },
    {
      "id": "2",
      "name": "Jasur",
      "email": "jasur.doe@example.com",
      "phone": 1711556,
      "actions": "delete edit"
    },
    {
      "id": "3",
      "name": "Jasur",
      "email": "jasur.doe@example.com",
      "phone": 1711556,
      "actions": "delete edit"
    },
    {
      "id": "44bb",
      "name": "xxx",
      "email": "xxx",
      "phone": "xxxx",
      "action": "delit edit"
    }
  ]
}